"User ID","Age","Gender","Height (cm)","Weight (kg)","Workout Type","Workout Duration (mins)","Calories Burned","Heart Rate (bpm)","Steps Taken","Distance (km)","Workout Intensity","Sleep Hours","Daily Calories Intake","Resting Heart Rate (bpm)","Mood Before Workout","Mood After Workout","Age Group"
9,37,"Other",182,113,"Running",25,226,123,9372,13.24,"Low",4.1,3760,53,"Tired","Neutral","Middle-aged"
16,34,"Female",196,107,"Cycling",18,191,87,10346,2.14,"Medium",9.3,3569,88,"Tired","Neutral","Middle-aged"
18,19,"Female",187,96,"HIIT",94,855,100,1056,11.73,"High",4.4,2943,80,"Happy","Energized","Young"
24,58,"Male",199,78,"Cycling",52,737,142,2065,4.74,"Medium",4.1,1664,89,"Stressed","Energized","Senior"
25,21,"Male",157,82,"HIIT",14,861,175,19656,11.47,"Medium",5.6,3693,51,"Tired","Fatigued","Young"
32,19,"Male",160,92,"Cardio",83,849,85,13746,0.64,"High",5,2499,75,"Happy","Energized","Young"
50,27,"Female",198,97,"Running",115,976,108,14812,13.48,"High",9.4,2834,83,"Neutral","Neutral","Young"
54,19,"Other",162,65,"Running",77,983,91,19207,3.67,"Medium",6.2,2904,86,"Neutral","Energized","Young"
57,32,"Male",195,115,"Cardio",12,155,142,17869,13.25,"Low",7.9,3528,64,"Neutral","Energized","Middle-aged"
76,31,"Male",151,110,"Cardio",40,748,109,5366,14.93,"Low",9.7,3977,59,"Happy","Energized","Middle-aged"
77,20,"Male",165,100,"Cycling",52,447,112,4614,2.91,"High",9.1,3871,51,"Happy","Fatigued","Young"
81,56,"Male",199,93,"HIIT",19,796,170,18317,13.36,"Low",4.5,1553,86,"Stressed","Neutral","Senior"
83,59,"Male",197,92,"HIIT",22,472,150,15125,14.26,"High",9.6,3453,87,"Stressed","Neutral","Senior"
89,19,"Male",181,118,"Running",29,927,99,5561,12.01,"Low",7.4,3750,70,"Happy","Neutral","Young"
90,19,"Male",172,75,"HIIT",80,756,90,19815,0.71,"Low",5.2,3648,76,"Happy","Fatigued","Young"
91,54,"Male",174,60,"Cardio",12,677,87,2312,12.03,"Medium",8.1,3738,77,"Happy","Neutral","Senior"
104,26,"Male",154,107,"Strength",26,473,97,2809,7.77,"Low",4.4,3888,50,"Happy","Neutral","Young"
106,54,"Male",171,106,"Yoga",90,205,140,4391,13.71,"High",7.6,1612,89,"Tired","Neutral","Senior"
113,52,"Other",199,52,"Yoga",98,280,90,17157,11.53,"High",4.5,3425,64,"Neutral","Neutral","Senior"
114,49,"Male",159,76,"Cardio",74,980,124,11222,12.18,"Low",6.4,1755,50,"Neutral","Fatigued","Middle-aged"
116,21,"Male",170,87,"Cardio",82,118,81,1615,2.68,"Medium",4.5,3320,56,"Neutral","Fatigued","Young"
137,59,"Female",176,67,"Cycling",16,359,161,4958,12.41,"High",9.7,1937,73,"Tired","Fatigued","Senior"
140,45,"Other",189,55,"Cycling",116,528,92,9949,13.74,"High",4.4,3560,83,"Neutral","Fatigued","Middle-aged"
142,56,"Male",150,108,"Cycling",52,432,178,4539,4.39,"Medium",9.9,3091,57,"Tired","Energized","Senior"
148,58,"Other",156,59,"Strength",47,195,179,5264,5.23,"High",9,1756,61,"Neutral","Fatigued","Senior"
149,59,"Male",195,79,"Cycling",77,543,120,3385,14.29,"Medium",9.4,1711,81,"Neutral","Neutral","Senior"
152,34,"Female",156,57,"Strength",36,464,95,5074,0.57,"Low",9.7,1763,89,"Happy","Fatigued","Middle-aged"
153,52,"Female",198,111,"Cycling",82,508,90,5978,14.44,"Medium",5.1,3708,60,"Neutral","Energized","Senior"
157,59,"Male",180,52,"HIIT",26,687,134,4452,4.83,"Medium",4.4,1708,73,"Stressed","Fatigued","Senior"
160,43,"Other",161,113,"Cycling",108,855,111,19882,11.43,"High",6.8,1541,56,"Neutral","Energized","Middle-aged"
161,20,"Female",174,56,"Strength",101,756,134,1529,8.97,"High",4.4,1631,89,"Happy","Neutral","Young"
162,50,"Male",176,69,"Running",13,155,179,19847,14.57,"High",6.2,2113,58,"Happy","Fatigued","Middle-aged"
166,25,"Male",171,57,"Yoga",111,472,80,9634,14.96,"Medium",4,2276,71,"Stressed","Fatigued","Young"
172,57,"Female",155,60,"Cardio",105,136,129,17887,1.67,"Low",5.7,2038,55,"Stressed","Neutral","Senior"
173,22,"Male",159,63,"HIIT",111,301,160,18212,5.51,"Low",8.9,1555,52,"Tired","Fatigued","Young"
192,20,"Female",165,54,"Yoga",32,901,123,3140,0.66,"High",8.4,3793,75,"Stressed","Neutral","Young"
195,25,"Male",152,112,"Cycling",11,876,159,2245,7.92,"Medium",4.9,3320,60,"Happy","Fatigued","Young"
204,25,"Other",187,115,"Yoga",97,693,171,8606,0.79,"Low",4.5,2501,60,"Neutral","Energized","Young"
206,42,"Male",151,112,"Running",39,929,147,18690,14.02,"Medium",7.1,3258,83,"Happy","Neutral","Middle-aged"
217,49,"Female",181,57,"Cardio",108,398,88,19970,14.99,"Medium",5.4,3925,85,"Stressed","Fatigued","Middle-aged"
244,56,"Female",191,64,"Yoga",118,220,158,12358,14.64,"Medium",6.9,2096,76,"Neutral","Energized","Senior"
248,59,"Female",194,101,"HIIT",113,492,160,1264,13.86,"High",6.5,3162,57,"Tired","Energized","Senior"
270,19,"Female",192,68,"Strength",78,967,103,2569,8.54,"Medium",4.1,3415,69,"Happy","Neutral","Young"
278,56,"Other",164,50,"Running",104,884,116,9176,0.82,"Medium",5,2193,74,"Neutral","Fatigued","Senior"
282,46,"Female",155,63,"Cardio",119,890,131,19708,11.09,"Low",6.3,1773,59,"Happy","Energized","Middle-aged"
299,23,"Other",152,52,"Strength",40,972,163,16692,1.71,"High",4.9,3705,76,"Neutral","Energized","Young"
300,18,"Female",194,50,"HIIT",15,380,116,6507,11.15,"Low",6.4,1633,53,"Happy","Neutral","Young"
340,30,"Other",195,50,"Cardio",118,375,95,10211,8.57,"High",4.7,1992,88,"Stressed","Fatigued","Young"
347,50,"Male",150,104,"Cardio",76,150,176,4499,13.84,"Medium",5.1,2627,83,"Happy","Fatigued","Middle-aged"
351,57,"Female",199,107,"Running",22,366,160,18807,13.99,"Low",4.9,2871,60,"Neutral","Neutral","Senior"
362,38,"Male",198,50,"HIIT",39,214,81,3133,11.14,"High",7.9,2753,89,"Neutral","Fatigued","Middle-aged"
378,59,"Other",182,69,"Running",110,176,81,3659,4.69,"High",7.9,3838,64,"Happy","Fatigued","Senior"
411,22,"Female",183,70,"Running",119,779,177,2027,12.8,"High",6.7,3927,51,"Stressed","Neutral","Young"
419,21,"Other",150,50,"Yoga",108,956,179,12442,10.26,"High",9.1,3071,75,"Stressed","Neutral","Young"
426,59,"Male",162,90,"HIIT",118,725,81,3291,10.46,"High",6.8,3199,51,"Tired","Fatigued","Senior"
427,44,"Female",156,63,"Strength",92,103,177,4357,14.75,"High",4.9,1575,66,"Neutral","Neutral","Middle-aged"
428,58,"Male",150,92,"Running",78,661,174,7885,5.42,"High",4.4,2372,50,"Stressed","Fatigued","Senior"
429,29,"Female",160,88,"Strength",76,953,82,19924,3.46,"Low",5,1879,68,"Neutral","Fatigued","Young"
443,53,"Female",196,54,"Cycling",25,626,104,18672,0.5,"High",6.6,3676,53,"Neutral","Energized","Senior"
474,25,"Male",178,118,"Yoga",112,992,82,15887,14.39,"Medium",5.4,2455,60,"Neutral","Neutral","Young"
478,20,"Female",187,62,"Cycling",10,656,97,8183,0.58,"Medium",9.6,1816,68,"Happy","Neutral","Young"
498,24,"Male",197,117,"Cardio",59,115,151,14671,13.67,"Low",7.2,3823,53,"Happy","Neutral","Young"
502,44,"Other",193,118,"Cardio",45,346,171,14277,14.03,"High",4,3939,73,"Happy","Fatigued","Middle-aged"
516,18,"Male",176,60,"Yoga",34,210,178,17525,8.38,"Medium",9.3,3196,52,"Tired","Neutral","Young"
539,18,"Male",182,95,"Running",28,117,99,5206,5.28,"Low",9.5,1572,63,"Tired","Neutral","Young"
548,19,"Other",168,117,"Yoga",19,848,151,7439,14.35,"Medium",5.1,1791,78,"Neutral","Neutral","Young"
577,18,"Female",168,93,"Cardio",15,251,178,4379,10.98,"High",10,3324,60,"Stressed","Neutral","Young"
580,58,"Female",195,52,"Running",94,947,168,1284,3.68,"Medium",7.1,1804,51,"Neutral","Neutral","Senior"
596,18,"Female",168,113,"HIIT",100,101,140,19947,2.84,"High",8,3790,53,"Happy","Fatigued","Young"
607,59,"Other",156,112,"Cardio",57,903,114,10311,14.76,"Low",8.7,3423,89,"Happy","Fatigued","Senior"
612,51,"Male",178,109,"Cardio",104,991,112,4419,0.89,"Medium",6.5,3634,59,"Tired","Neutral","Senior"
628,20,"Male",188,118,"Running",112,318,172,18688,4.84,"Low",10,3846,60,"Happy","Neutral","Young"
638,23,"Female",160,65,"Cardio",43,952,167,18505,0.54,"Medium",8.1,3310,63,"Tired","Energized","Young"
640,44,"Female",197,109,"HIIT",116,146,177,2813,1.23,"High",7.2,2636,83,"Happy","Neutral","Middle-aged"
642,57,"Male",158,77,"Running",54,949,86,1720,3.5,"Low",9.6,3775,55,"Stressed","Neutral","Senior"
663,58,"Male",178,96,"Cardio",105,937,162,19009,2.03,"Medium",9.5,1664,82,"Tired","Neutral","Senior"
665,24,"Female",185,93,"Cycling",47,997,175,3878,14.91,"Medium",9.2,3613,64,"Neutral","Fatigued","Young"
667,18,"Female",155,102,"HIIT",20,457,90,12273,14.02,"High",9.1,3492,89,"Neutral","Energized","Young"
677,39,"Male",199,106,"HIIT",23,991,141,3145,8.44,"High",4.3,2371,79,"Happy","Neutral","Middle-aged"
686,40,"Female",176,50,"Running",44,789,91,1521,1.15,"Low",9.7,2736,67,"Tired","Fatigued","Middle-aged"
687,19,"Other",198,71,"HIIT",39,104,126,6134,3.87,"Low",6.5,1644,56,"Tired","Energized","Young"
694,29,"Female",199,53,"Running",29,800,161,17664,10.72,"High",4.2,3583,88,"Happy","Fatigued","Young"
722,19,"Other",198,113,"Yoga",83,961,163,19286,8.44,"Medium",5.3,2459,77,"Happy","Neutral","Young"
736,29,"Other",169,97,"Strength",67,699,173,1079,12.89,"High",5.8,1673,50,"Stressed","Neutral","Young"
737,29,"Other",188,51,"Running",105,948,86,2091,1.66,"Low",6.1,2353,58,"Tired","Fatigued","Young"
781,59,"Female",166,114,"HIIT",103,142,81,12694,9.08,"Low",5.9,1736,52,"Neutral","Neutral","Senior"
785,27,"Female",172,119,"Cycling",105,760,150,1183,2.25,"High",8.5,3630,51,"Tired","Neutral","Young"
803,19,"Male",195,115,"Running",68,914,173,7665,14.09,"Medium",6.9,3546,61,"Tired","Neutral","Young"
821,42,"Male",193,115,"Yoga",80,103,116,9516,0.51,"Low",9.4,3918,86,"Neutral","Neutral","Middle-aged"
825,52,"Other",160,91,"Running",105,135,81,19372,5.06,"Low",6.7,2588,56,"Happy","Fatigued","Senior"
830,43,"Other",150,80,"Cycling",41,197,84,12235,14.67,"High",5,2649,89,"Stressed","Fatigued","Middle-aged"
847,47,"Female",190,69,"Yoga",114,327,80,3791,3.73,"Low",9.1,1890,53,"Neutral","Neutral","Middle-aged"
861,27,"Female",167,51,"Strength",111,879,96,18342,11.09,"High",9,1515,70,"Stressed","Fatigued","Young"
867,45,"Male",195,77,"Strength",116,994,88,16205,1.13,"Medium",9.7,2347,68,"Neutral","Energized","Middle-aged"
901,18,"Female",188,86,"Cycling",119,491,129,16879,2.12,"Medium",4.7,3967,68,"Happy","Energized","Young"
910,56,"Other",161,73,"Cycling",76,214,82,19826,8.15,"Low",4.5,2698,88,"Happy","Neutral","Senior"
912,19,"Other",177,115,"Running",119,480,165,13449,6.71,"Medium",7.9,1527,88,"Stressed","Neutral","Young"
941,38,"Female",196,81,"Cardio",119,732,177,3002,2.63,"Low",6.4,1550,69,"Neutral","Energized","Middle-aged"
957,26,"Male",186,70,"Cardio",18,904,87,1788,9.79,"Medium",4.4,3295,87,"Stressed","Energized","Young"
970,25,"Other",187,102,"Cardio",14,586,150,19260,1.17,"High",8.4,1673,50,"Happy","Neutral","Young"
990,18,"Other",181,94,"Yoga",72,115,106,19323,1.82,"Medium",4.1,2444,83,"Tired","Neutral","Young"
1003,19,"Other",171,115,"Cardio",88,619,106,2425,1.43,"High",4.2,2226,84,"Neutral","Energized","Young"
1010,33,"Female",197,93,"HIIT",113,190,83,3784,14.35,"Low",7.2,2097,88,"Stressed","Fatigued","Middle-aged"
1025,18,"Other",152,62,"Strength",75,947,152,5913,0.53,"High",5,3043,74,"Tired","Neutral","Young"
1037,32,"Female",187,119,"HIIT",112,200,137,12459,12.48,"High",4.1,1673,60,"Neutral","Energized","Middle-aged"
1040,23,"Female",152,104,"Yoga",48,916,147,12867,1.5,"High",9.9,2310,89,"Tired","Fatigued","Young"
1046,50,"Female",184,113,"HIIT",78,179,90,2850,2.94,"Medium",4.1,3958,55,"Happy","Neutral","Middle-aged"
1049,55,"Male",188,94,"HIIT",11,980,110,6314,11.93,"High",7.4,1973,89,"Stressed","Energized","Senior"
1053,22,"Other",194,57,"Strength",16,183,177,2399,13.28,"Low",7.2,3679,76,"Happy","Energized","Young"
1100,59,"Female",178,101,"Cardio",38,433,162,2044,14.65,"Low",9.4,3606,61,"Stressed","Fatigued","Senior"
1122,50,"Male",183,102,"Cardio",61,927,140,19790,14.68,"High",6.2,1547,58,"Tired","Fatigued","Middle-aged"
1143,48,"Female",150,55,"HIIT",13,195,138,8560,12.72,"Medium",9.4,1800,75,"Stressed","Neutral","Middle-aged"
1167,18,"Other",153,62,"Cycling",16,988,108,2409,2.16,"High",5.4,3940,66,"Stressed","Neutral","Young"
1213,19,"Male",199,73,"Strength",87,106,81,5435,1.3,"High",5.9,3132,87,"Neutral","Fatigued","Young"
1218,25,"Other",150,50,"Yoga",86,876,81,7328,11.53,"Medium",9.8,3400,76,"Stressed","Neutral","Young"
1227,19,"Male",151,52,"Cycling",16,123,116,7301,10.09,"High",4.6,2403,80,"Tired","Energized","Young"
1297,58,"Male",176,50,"Running",115,234,149,9517,6.5,"Medium",9.7,3767,84,"Tired","Fatigued","Senior"
1298,56,"Other",153,117,"Running",33,983,140,2421,3.39,"High",6.7,2501,77,"Stressed","Energized","Senior"
1305,52,"Male",198,91,"Cardio",69,132,138,3769,13,"High",5.7,1544,51,"Neutral","Neutral","Senior"
1331,20,"Other",163,54,"Strength",68,788,84,18626,5.5,"Low",10,1668,54,"Stressed","Fatigued","Young"
1349,54,"Other",182,116,"Cycling",21,392,173,5791,13.99,"Low",4.4,1539,66,"Tired","Neutral","Senior"
1362,45,"Female",198,87,"Yoga",13,415,80,17085,14.74,"Medium",8.6,2570,85,"Neutral","Energized","Middle-aged"
1373,19,"Other",197,66,"Cardio",111,917,104,9778,3.55,"High",4.5,1683,66,"Stressed","Neutral","Young"
1380,49,"Female",172,73,"Cycling",15,993,98,12889,1.04,"Medium",9.4,1650,54,"Stressed","Energized","Middle-aged"
1382,55,"Other",198,53,"HIIT",13,175,111,2455,10.2,"Low",6.2,3944,76,"Neutral","Neutral","Senior"
1405,53,"Other",191,95,"Cardio",114,975,166,15149,0.77,"Medium",8.5,3873,63,"Tired","Energized","Senior"
1433,33,"Female",198,56,"HIIT",109,257,103,7892,14.5,"Medium",9.5,2382,85,"Tired","Neutral","Middle-aged"
1451,42,"Male",196,94,"Yoga",108,245,176,3066,1.61,"Low",7,1799,50,"Stressed","Fatigued","Middle-aged"
1452,52,"Female",199,119,"Cycling",111,391,169,8472,12.72,"Medium",6.8,3713,51,"Happy","Fatigued","Senior"
1455,50,"Female",197,54,"Strength",92,111,159,18734,7.17,"Medium",4.7,3306,89,"Stressed","Fatigued","Middle-aged"
1466,20,"Other",192,109,"Cycling",87,390,81,1573,7.06,"Medium",6.9,3756,85,"Stressed","Fatigued","Young"
1500,28,"Female",174,63,"Yoga",110,896,172,18048,10.77,"High",4.1,3756,50,"Tired","Neutral","Young"
1507,51,"Female",180,56,"Cardio",18,960,178,6791,4.76,"Low",9.4,3897,70,"Stressed","Energized","Senior"
1546,50,"Male",199,105,"Strength",11,346,156,6768,14.84,"Medium",5.4,2556,89,"Stressed","Neutral","Middle-aged"
1547,59,"Other",193,61,"HIIT",59,729,87,19495,8.66,"High",4.1,3838,77,"Tired","Energized","Senior"
1554,39,"Male",164,50,"Cycling",117,980,90,2551,6.96,"Low",6.4,2189,63,"Neutral","Neutral","Middle-aged"
1587,58,"Female",160,51,"Running",58,130,141,4031,2.32,"High",9.2,2274,87,"Tired","Fatigued","Senior"
1608,19,"Other",150,60,"HIIT",24,186,89,19873,13.39,"Medium",9.2,2057,50,"Neutral","Neutral","Young"
1614,37,"Female",159,62,"Yoga",119,391,104,3458,13.98,"High",9.9,3528,50,"Neutral","Neutral","Middle-aged"
1615,55,"Other",154,112,"Cardio",10,173,144,19669,11.09,"Medium",7.6,3938,68,"Happy","Neutral","Senior"
1626,36,"Male",195,106,"Cycling",76,967,168,13261,14.18,"Low",9.6,1659,51,"Neutral","Neutral","Middle-aged"
1657,59,"Other",150,115,"Cycling",115,490,174,15203,11.49,"Low",9.7,2605,84,"Stressed","Fatigued","Senior"
1661,23,"Male",198,118,"HIIT",67,861,80,11761,2.67,"Low",6.2,1856,59,"Stressed","Energized","Young"
1675,58,"Male",151,92,"Yoga",33,937,94,14716,13.8,"Low",9.8,2330,56,"Tired","Energized","Senior"
1687,28,"Other",163,55,"Cardio",58,714,172,1955,12.83,"Medium",4,1708,89,"Happy","Fatigued","Young"
1703,53,"Male",188,58,"Yoga",24,475,86,1634,0.78,"Low",5.4,1626,83,"Stressed","Fatigued","Senior"
1704,24,"Female",151,112,"Cardio",30,833,88,9952,0.71,"Low",5.9,1503,71,"Happy","Fatigued","Young"
1709,22,"Other",191,114,"HIIT",63,148,89,10509,14.92,"Medium",9.3,1732,84,"Happy","Neutral","Young"
1724,33,"Other",155,59,"Yoga",50,911,106,10359,0.55,"Low",10,3562,88,"Tired","Neutral","Middle-aged"
1784,19,"Other",181,118,"Cycling",46,228,80,8167,3.59,"Low",9.5,1799,87,"Tired","Energized","Young"
1796,56,"Male",181,119,"Cardio",95,989,168,11551,2.08,"Medium",9.4,3203,62,"Stressed","Fatigued","Senior"
1804,18,"Female",194,114,"Strength",94,256,139,4850,2.31,"Low",5.5,1567,51,"Tired","Fatigued","Young"
1888,55,"Other",158,59,"Strength",84,957,138,1017,14.77,"Low",5.7,2148,54,"Tired","Fatigued","Senior"
1891,24,"Other",152,50,"Cycling",96,546,87,4046,13.22,"Low",4.1,1933,80,"Neutral","Energized","Young"
1916,59,"Female",197,112,"HIIT",50,773,119,2307,12.27,"Low",6.9,1577,73,"Stressed","Energized","Senior"
1943,53,"Female",180,64,"Yoga",46,982,80,17186,12.5,"Low",7.7,1595,57,"Tired","Neutral","Senior"
1987,27,"Other",152,116,"HIIT",102,989,165,18714,4.7,"Medium",5.7,1828,85,"Tired","Fatigued","Young"
2006,34,"Female",196,88,"HIIT",119,109,167,2090,13.18,"High",6.4,1564,78,"Neutral","Energized","Middle-aged"
2014,59,"Other",198,64,"Cardio",77,189,124,17945,0.9,"Low",5.4,3280,52,"Stressed","Neutral","Senior"
2054,55,"Female",199,60,"HIIT",41,938,107,18652,11.11,"Medium",4.3,1770,87,"Neutral","Neutral","Senior"
2066,49,"Other",168,88,"Yoga",118,987,177,2746,14.11,"High",6.3,3976,79,"Stressed","Neutral","Middle-aged"
2069,28,"Female",161,96,"Running",116,849,81,17594,14.33,"High",6.9,1813,51,"Neutral","Neutral","Young"
2080,18,"Other",195,101,"Strength",12,148,160,13372,6.3,"High",6.8,1631,53,"Happy","Energized","Young"
2083,23,"Male",197,65,"Strength",11,782,97,4530,0.66,"Low",7.9,1564,82,"Stressed","Neutral","Young"
2109,47,"Female",184,112,"Strength",18,612,167,2611,13.06,"Low",5.1,1684,52,"Stressed","Neutral","Middle-aged"
2116,50,"Female",154,113,"Cardio",118,889,94,3325,0.52,"Low",8.1,1548,53,"Tired","Neutral","Middle-aged"
2118,26,"Female",150,51,"HIIT",112,117,96,10988,12.37,"Low",8.3,3321,70,"Happy","Neutral","Young"
2156,19,"Female",152,115,"Strength",113,343,115,17289,0.68,"Low",8.1,1513,61,"Happy","Neutral","Young"
2168,44,"Male",159,111,"Yoga",83,314,80,19754,8.31,"Low",9.4,1511,87,"Tired","Energized","Middle-aged"
2202,40,"Female",152,80,"HIIT",19,914,167,1260,10.65,"Medium",8,1631,61,"Stressed","Energized","Middle-aged"
2216,59,"Male",155,57,"HIIT",23,553,117,17692,9.78,"High",4.3,3362,88,"Neutral","Energized","Senior"
2243,59,"Other",150,111,"Cycling",111,578,143,16555,0.87,"High",8.2,3269,79,"Neutral","Energized","Senior"
2292,19,"Other",174,63,"Cycling",119,985,179,3562,13.98,"High",4.7,2708,58,"Stressed","Energized","Young"
2394,21,"Male",171,117,"Strength",22,257,161,2557,9.68,"Low",9.8,3741,86,"Happy","Neutral","Young"
2475,28,"Male",158,118,"Strength",54,721,176,17490,14.22,"Low",10,1677,79,"Tired","Energized","Young"
2558,18,"Other",150,61,"Yoga",31,429,81,4178,0.54,"High",7.3,3046,53,"Stressed","Fatigued","Young"
2568,20,"Male",197,58,"Yoga",110,178,176,1861,14.49,"Medium",8.2,1507,83,"Tired","Energized","Young"
2657,19,"Female",188,61,"Running",64,147,111,18126,5.48,"Medium",8.4,3812,89,"Stressed","Neutral","Young"
2679,37,"Male",154,117,"HIIT",96,744,85,9611,0.67,"Low",7.9,3884,50,"Tired","Fatigued","Middle-aged"
2685,59,"Other",159,104,"Strength",55,897,150,19435,14.8,"Low",7.7,3950,65,"Neutral","Energized","Senior"
2704,21,"Male",150,56,"Running",17,454,129,7050,13.42,"High",5.3,3961,83,"Tired","Neutral","Young"
2713,57,"Male",192,56,"Running",119,948,112,15055,13.96,"High",8.6,3347,56,"Stressed","Energized","Senior"
2720,57,"Male",174,113,"HIIT",73,105,94,14387,11.45,"Low",10,1669,58,"Happy","Fatigued","Senior"
2756,34,"Other",189,117,"Yoga",18,928,173,18733,5.88,"High",4.1,2830,59,"Tired","Neutral","Middle-aged"
2764,21,"Other",195,53,"Cycling",13,289,82,12338,9.95,"Low",8.6,3653,63,"Neutral","Energized","Young"
2782,45,"Other",156,50,"Cycling",22,849,177,19476,12.02,"Low",5.3,3680,54,"Happy","Energized","Middle-aged"
2794,24,"Other",197,115,"Cycling",116,696,104,5880,2.66,"Medium",9.4,1518,58,"Neutral","Energized","Young"
2795,58,"Other",199,72,"Strength",56,981,179,1148,7.68,"Low",9.1,2142,75,"Tired","Fatigued","Senior"
2829,20,"Female",162,52,"Running",90,925,81,4827,9.83,"Low",4.3,2229,84,"Neutral","Fatigued","Young"
2847,18,"Female",150,63,"Strength",61,803,121,19610,14.76,"Medium",7.8,3898,56,"Happy","Fatigued","Young"
2853,25,"Male",191,103,"Strength",67,428,85,1092,9.48,"High",4,3910,78,"Neutral","Fatigued","Young"
2958,25,"Female",151,114,"Yoga",118,947,88,6311,11.27,"Low",5.6,1899,88,"Happy","Fatigued","Young"
2971,19,"Other",156,56,"Yoga",115,438,167,2214,0.66,"High",4.8,3415,76,"Happy","Energized","Young"
2978,20,"Other",198,111,"Running",100,764,159,1006,14.86,"Low",6.6,3907,66,"Stressed","Fatigued","Young"
2984,59,"Other",197,75,"Running",106,623,89,4750,14.9,"Low",5,1996,57,"Stressed","Energized","Senior"
3010,57,"Female",150,65,"Strength",100,986,106,7270,3.97,"Medium",9.8,3831,84,"Neutral","Fatigued","Senior"
3073,19,"Other",156,79,"Yoga",64,971,178,19298,11.84,"Low",8.8,1624,64,"Tired","Energized","Young"
3076,19,"Other",151,69,"Cycling",46,144,88,2586,11.64,"Medium",4.3,3248,55,"Stressed","Neutral","Young"
3088,53,"Male",160,73,"HIIT",101,911,177,12103,14.85,"High",4.4,2235,51,"Tired","Energized","Senior"
3133,59,"Male",154,116,"HIIT",108,339,121,18987,4.03,"Low",5,1590,66,"Happy","Fatigued","Senior"
3196,59,"Male",151,86,"HIIT",64,211,165,19846,5.4,"Low",6.3,1602,85,"Stressed","Neutral","Senior"
3251,55,"Other",183,72,"Cardio",52,270,174,11397,1.89,"High",10,1564,56,"Happy","Energized","Senior"
3278,25,"Male",177,51,"Strength",96,170,90,15290,13.12,"Medium",8.8,1521,51,"Stressed","Neutral","Young"
3363,27,"Male",154,99,"Yoga",110,197,90,3758,14.35,"Medium",6.5,1588,88,"Happy","Fatigued","Young"
3370,51,"Other",186,117,"Cycling",34,748,96,17173,14.25,"High",4.1,1612,55,"Neutral","Neutral","Senior"
3550,23,"Male",196,108,"HIIT",67,875,177,15288,14.52,"High",9.8,2224,51,"Tired","Fatigued","Young"
3555,52,"Female",173,113,"Strength",26,896,81,15534,2.53,"High",7.9,1524,89,"Neutral","Neutral","Senior"
3571,47,"Other",184,50,"Yoga",115,904,83,19732,8.3,"High",6.7,1565,62,"Stressed","Energized","Middle-aged"
3593,53,"Male",161,50,"HIIT",36,758,89,10712,4.36,"Low",4.3,1547,84,"Tired","Neutral","Senior"
3608,29,"Female",182,115,"Cycling",97,719,172,17694,2.19,"Low",4.1,2258,87,"Stressed","Energized","Young"
3655,58,"Female",195,79,"Yoga",112,743,176,1729,14.2,"Low",5.9,1659,72,"Stressed","Fatigued","Senior"
3674,49,"Other",157,61,"Yoga",11,135,86,19366,12.23,"Low",5.3,1867,67,"Tired","Energized","Middle-aged"
3678,47,"Male",171,101,"Cardio",21,722,84,6491,0.72,"Low",4,1579,69,"Happy","Fatigued","Middle-aged"
3913,51,"Male",194,59,"Running",11,794,83,17370,14.11,"Medium",9.9,1556,66,"Stressed","Energized","Senior"
3977,28,"Male",150,116,"Cycling",23,614,170,6116,12.41,"Medium",7.1,1562,89,"Stressed","Energized","Young"
3998,27,"Male",160,51,"Cardio",52,259,95,19015,14.69,"Medium",4.9,3152,57,"Neutral","Energized","Young"
4000,44,"Other",199,87,"HIIT",19,629,121,1505,12.84,"High",4.1,1582,83,"Stressed","Fatigued","Middle-aged"
4075,20,"Female",170,54,"Cardio",115,463,86,13287,2.68,"High",8.7,3857,88,"Neutral","Energized","Young"
4140,56,"Female",192,93,"Cardio",12,994,80,2422,13.92,"Low",4.5,1515,80,"Happy","Fatigued","Senior"
4206,21,"Female",151,52,"Strength",73,168,93,11991,1.5,"Low",8.5,3988,58,"Tired","Energized","Young"
4229,23,"Female",164,56,"HIIT",107,139,95,16746,14.9,"Medium",6.9,2253,52,"Tired","Fatigued","Young"
4264,20,"Female",182,84,"Yoga",22,810,178,2133,1.48,"High",9.5,2564,84,"Happy","Energized","Young"
4280,36,"Male",198,51,"Cycling",12,228,122,19275,10.14,"Medium",10,2075,51,"Neutral","Fatigued","Middle-aged"
4317,19,"Female",165,52,"HIIT",23,988,90,10153,14.61,"High",7.5,3860,85,"Tired","Neutral","Young"
4333,23,"Other",152,106,"Strength",24,900,95,2230,0.53,"Medium",8.4,2317,85,"Stressed","Energized","Young"
4431,26,"Other",150,51,"HIIT",74,908,106,16721,13.95,"Medium",4,2925,85,"Neutral","Energized","Young"
4594,59,"Male",199,52,"Yoga",76,558,149,1745,8.01,"Medium",9.4,2865,89,"Stressed","Neutral","Senior"
4622,36,"Other",190,119,"HIIT",35,962,97,14521,8.14,"Low",10,1550,82,"Happy","Fatigued","Middle-aged"
4653,19,"Female",198,115,"Running",79,261,118,16939,11.64,"Low",9,1524,87,"Happy","Neutral","Young"
4679,46,"Male",154,119,"HIIT",117,731,157,1392,4.99,"Medium",4,2615,86,"Tired","Fatigued","Middle-aged"
4765,59,"Other",166,76,"Yoga",86,130,102,16846,10.5,"Medium",5.2,1540,89,"Neutral","Energized","Senior"
4784,18,"Male",182,113,"HIIT",11,930,175,16332,3.55,"High",6.4,3314,51,"Neutral","Neutral","Young"
4797,22,"Other",173,110,"Strength",21,495,85,2049,3.17,"Low",4.5,3129,89,"Happy","Fatigued","Young"
4798,30,"Other",199,76,"Strength",49,849,167,18455,1.47,"Medium",4,3826,74,"Happy","Energized","Young"
4811,23,"Male",187,58,"Running",29,104,173,18223,11.93,"High",8.5,3991,75,"Tired","Fatigued","Young"
4830,57,"Other",174,110,"HIIT",26,427,80,18823,2.71,"Medium",9.3,1639,79,"Happy","Fatigued","Senior"
4894,35,"Other",191,56,"Running",73,113,175,19788,1.23,"High",7.2,3734,63,"Happy","Neutral","Middle-aged"
4897,54,"Other",196,111,"Running",15,997,135,17672,0.97,"Medium",9.5,2513,62,"Stressed","Neutral","Senior"
4926,19,"Other",167,74,"HIIT",11,260,159,15717,12.46,"Low",8.7,3860,89,"Happy","Energized","Young"
4937,53,"Male",198,107,"Yoga",43,390,103,18950,3.22,"Low",4.2,3860,66,"Stressed","Neutral","Senior"
4973,59,"Male",182,52,"HIIT",12,509,86,7277,14.74,"Medium",7.8,2007,69,"Stressed","Energized","Senior"
4986,18,"Female",151,71,"HIIT",19,541,167,1461,7.05,"Low",5.1,1519,73,"Stressed","Energized","Young"
4997,20,"Male",185,54,"Cycling",107,970,172,1884,1.17,"Low",6.9,1518,58,"Happy","Neutral","Young"
5039,26,"Female",198,103,"Strength",104,171,141,9513,14.91,"Low",8.6,3973,89,"Stressed","Neutral","Young"
5067,18,"Female",150,101,"Yoga",12,220,149,1980,4.86,"High",9.7,2224,81,"Happy","Neutral","Young"
5073,56,"Other",152,52,"Cardio",77,503,111,19631,11.25,"Low",4.1,3737,85,"Happy","Fatigued","Senior"
5074,20,"Male",150,111,"Strength",107,158,107,13598,0.82,"Low",9.6,1987,79,"Neutral","Energized","Young"
5083,18,"Other",177,63,"Cycling",43,963,88,16008,14.16,"High",4.4,1667,84,"Stressed","Fatigued","Young"
5086,56,"Male",161,69,"HIIT",24,964,106,10677,14.22,"Low",9.9,3884,87,"Tired","Fatigued","Senior"
5150,52,"Male",150,81,"HIIT",119,754,153,1161,10.85,"Low",10,2123,64,"Neutral","Energized","Senior"
5165,32,"Male",198,83,"Strength",26,233,175,3424,12.03,"Medium",9.8,2503,52,"Stressed","Neutral","Middle-aged"
5275,51,"Male",158,71,"Yoga",102,145,80,7113,8.63,"Medium",4.2,3982,78,"Happy","Fatigued","Senior"
5280,47,"Female",152,112,"HIIT",45,242,177,16866,14.08,"Medium",4.1,2753,89,"Stressed","Energized","Middle-aged"
5331,56,"Female",150,88,"HIIT",113,163,136,18115,0.91,"Medium",8.1,3057,89,"Neutral","Energized","Senior"
5388,58,"Male",152,60,"Cycling",16,739,83,9147,12.98,"Low",4,3144,77,"Neutral","Energized","Senior"
5391,26,"Other",192,114,"Running",95,768,93,1745,14.49,"High",4.1,1978,65,"Happy","Neutral","Young"
5433,18,"Male",186,62,"Strength",22,700,83,18327,2.86,"High",9.8,2672,61,"Stressed","Neutral","Young"
5435,24,"Male",151,69,"Yoga",13,637,80,14605,2.06,"Medium",8.4,3618,50,"Neutral","Energized","Young"
5520,54,"Other",157,99,"Running",78,620,82,19964,14.97,"High",4.3,2417,64,"Tired","Energized","Senior"
5596,28,"Other",155,57,"Yoga",13,125,104,16784,11.27,"Low",5.5,1922,51,"Neutral","Energized","Young"
5610,56,"Male",155,59,"Cycling",19,382,169,19314,13.8,"Medium",4.9,2784,51,"Tired","Neutral","Senior"
5666,37,"Female",151,119,"Running",37,139,171,2473,0.74,"Medium",4.5,3180,71,"Tired","Neutral","Middle-aged"
5675,29,"Other",199,119,"Running",18,516,80,15139,6.02,"Medium",6.1,3830,83,"Happy","Fatigued","Young"
5692,49,"Female",199,55,"HIIT",36,724,174,9023,11.91,"Low",9.9,2396,88,"Stressed","Energized","Middle-aged"
5714,19,"Other",194,108,"Yoga",15,464,110,2747,9.86,"Medium",8.7,3710,84,"Happy","Neutral","Young"
5766,20,"Male",193,117,"Cycling",85,186,169,1221,3.77,"Medium",4.8,2291,89,"Neutral","Fatigued","Young"
5780,18,"Male",154,50,"Yoga",14,718,145,18465,1.93,"Low",4.1,2939,61,"Neutral","Fatigued","Young"
5825,57,"Male",194,115,"Cardio",59,335,98,17845,14.98,"Low",8.9,2958,87,"Neutral","Neutral","Senior"
5902,19,"Female",184,56,"Cycling",116,194,117,3197,5.9,"High",9,1675,89,"Neutral","Energized","Young"
5952,59,"Male",178,115,"HIIT",103,545,164,19911,1.89,"High",8.1,3198,51,"Tired","Neutral","Senior"
5978,49,"Male",151,104,"Yoga",10,364,141,11449,1.78,"Medium",9.5,1889,50,"Neutral","Neutral","Middle-aged"
6050,51,"Male",192,69,"Running",55,383,174,2676,14.8,"High",4.2,2252,62,"Happy","Fatigued","Senior"
6054,41,"Male",152,50,"Yoga",10,340,127,4470,11.33,"High",9.9,1704,82,"Stressed","Fatigued","Middle-aged"
6068,20,"Other",184,54,"Cardio",57,253,112,16506,0.51,"High",9.9,1761,77,"Neutral","Neutral","Young"
6078,18,"Female",151,118,"Running",30,758,115,1537,6.64,"High",4.3,1905,71,"Tired","Fatigued","Young"
6130,25,"Other",155,88,"Cycling",98,860,168,2154,14.82,"Medium",4.3,1612,84,"Neutral","Energized","Young"
6214,55,"Male",195,117,"Yoga",60,791,83,5653,14.76,"High",8.6,3707,85,"Tired","Neutral","Senior"
6221,46,"Other",150,103,"Running",12,623,106,8182,14.75,"High",5.9,1815,89,"Stressed","Energized","Middle-aged"
6235,33,"Female",167,107,"HIIT",18,220,91,18635,14.82,"High",6.9,1641,50,"Tired","Neutral","Middle-aged"
6264,21,"Male",161,94,"Cardio",105,733,80,19779,9.15,"Medium",4.5,3518,52,"Happy","Neutral","Young"
6319,42,"Other",199,61,"HIIT",103,416,124,7365,0.64,"High",9.7,1560,53,"Happy","Energized","Middle-aged"
6343,58,"Female",185,58,"HIIT",46,967,174,2268,7.11,"Medium",4.3,2763,82,"Neutral","Fatigued","Senior"
6407,57,"Male",188,108,"Strength",32,134,176,16382,2.44,"Low",4.5,3934,60,"Neutral","Neutral","Senior"
6454,45,"Other",193,109,"Yoga",117,494,108,5395,1.39,"Medium",8.8,1616,51,"Neutral","Fatigued","Middle-aged"
6507,59,"Male",165,56,"Cardio",11,102,120,2294,3.14,"Low",9.8,2457,54,"Happy","Energized","Senior"
6512,42,"Female",195,50,"Cardio",14,963,177,19421,10.56,"Low",5.3,2701,51,"Stressed","Neutral","Middle-aged"
6554,59,"Female",159,61,"Running",49,252,89,19796,14.32,"High",4.7,2856,78,"Happy","Neutral","Senior"
6581,53,"Other",153,53,"Running",116,877,158,17898,8.11,"Medium",8.8,1600,88,"Tired","Energized","Senior"
6623,19,"Female",154,119,"HIIT",24,823,179,1610,14.97,"Medium",9,3972,57,"Neutral","Fatigued","Young"
6718,46,"Female",166,75,"HIIT",13,449,105,1035,1.11,"Medium",4.2,1641,84,"Neutral","Neutral","Middle-aged"
6774,57,"Other",199,51,"Cardio",48,970,83,12366,12.8,"High",8.1,1637,59,"Neutral","Fatigued","Senior"
6788,58,"Other",185,87,"Strength",49,162,170,14832,14.23,"High",10,1574,56,"Tired","Fatigued","Senior"
6791,45,"Female",197,92,"HIIT",103,997,168,1484,14.81,"Medium",8.3,3500,81,"Happy","Neutral","Middle-aged"
6906,55,"Female",197,66,"Cardio",73,962,93,14450,4.63,"Medium",10,1545,71,"Stressed","Fatigued","Senior"
6919,20,"Male",188,51,"Cycling",37,879,179,12963,10.27,"Low",4.6,3922,73,"Happy","Fatigued","Young"
6955,52,"Male",183,82,"Cardio",95,984,103,19922,1.65,"Low",9.8,1929,52,"Stressed","Energized","Senior"
6978,34,"Male",160,113,"Cycling",88,983,142,13968,1.12,"Medium",9.2,3700,50,"Stressed","Fatigued","Middle-aged"
6985,20,"Other",195,50,"Yoga",55,935,87,1998,10.85,"Low",9.6,1519,73,"Tired","Fatigued","Young"
6994,25,"Other",160,85,"Running",63,829,145,1205,12.82,"Medium",4.2,3880,88,"Happy","Neutral","Young"
7143,18,"Male",151,109,"Yoga",110,433,84,2233,4.14,"Low",7.6,2231,53,"Happy","Energized","Young"
7162,31,"Other",153,106,"Cycling",118,222,160,1104,14.95,"Low",7.4,2777,61,"Neutral","Neutral","Middle-aged"
7169,48,"Other",196,52,"Yoga",67,579,124,19583,14.7,"Low",4.5,3828,52,"Neutral","Neutral","Middle-aged"
7208,50,"Male",168,115,"HIIT",12,760,168,19720,0.62,"Medium",6.6,1852,75,"Tired","Fatigued","Middle-aged"
7217,59,"Male",195,110,"HIIT",118,732,156,17481,13.52,"Medium",5,1541,64,"Stressed","Fatigued","Senior"
7257,59,"Female",166,53,"Strength",88,118,102,14972,7.42,"Medium",4.1,3375,83,"Neutral","Energized","Senior"
7281,47,"Other",162,101,"HIIT",113,862,173,17397,1.11,"Low",6.5,1721,51,"Neutral","Fatigued","Middle-aged"
7297,18,"Male",157,114,"Cardio",16,797,164,9175,0.67,"Medium",7.8,1572,75,"Happy","Energized","Young"
7315,58,"Male",193,54,"Yoga",69,938,99,1346,6.25,"Medium",8.6,2426,60,"Happy","Neutral","Senior"
7354,59,"Other",154,66,"Cardio",119,161,82,14243,1.53,"High",8.8,3193,52,"Stressed","Energized","Senior"
7370,51,"Male",153,68,"Running",14,179,92,3945,1.23,"Medium",9.3,1522,76,"Tired","Neutral","Senior"
7417,54,"Female",164,63,"Cardio",39,894,81,15429,14.94,"Low",6.2,3984,87,"Happy","Fatigued","Senior"
7427,53,"Other",160,115,"HIIT",91,896,159,1376,2.45,"Low",4.7,3616,50,"Happy","Neutral","Senior"
7452,22,"Male",196,52,"HIIT",101,102,162,1077,1.42,"High",5.1,3853,57,"Happy","Fatigued","Young"
7453,54,"Female",165,117,"Yoga",10,339,122,1041,1.5,"High",9.9,2684,62,"Tired","Neutral","Senior"
7458,57,"Female",160,104,"Strength",10,338,170,1812,1.2,"Medium",6.6,3935,77,"Neutral","Energized","Senior"
7481,24,"Female",191,83,"Yoga",13,895,179,9150,0.55,"Medium",8.3,3524,86,"Tired","Neutral","Young"
7544,57,"Male",193,116,"Running",14,716,149,2442,5.36,"Low",5.6,2999,50,"Tired","Neutral","Senior"
7547,21,"Other",164,102,"HIIT",23,399,82,3614,14.96,"High",4.4,3662,71,"Neutral","Neutral","Young"
7556,20,"Male",169,110,"Strength",11,488,166,6605,11.72,"Medium",8.3,3868,50,"Tired","Neutral","Young"
7564,18,"Male",172,55,"Cardio",119,581,81,1220,12.19,"Medium",5.4,3992,79,"Tired","Fatigued","Young"
7571,23,"Other",190,54,"Cycling",12,599,89,18531,1.25,"Medium",4.7,2763,68,"Tired","Energized","Young"
7606,49,"Female",156,57,"HIIT",118,761,82,1888,10.7,"High",4.2,2301,88,"Neutral","Neutral","Middle-aged"
7641,58,"Other",188,112,"Strength",107,995,129,15431,14.6,"High",9.3,3691,70,"Neutral","Fatigued","Senior"
7642,42,"Other",151,63,"Cardio",119,185,89,1825,6.96,"Low",6.5,1630,88,"Happy","Neutral","Middle-aged"
7664,40,"Female",183,50,"Yoga",10,987,101,2952,10.32,"Low",5.7,1523,71,"Happy","Fatigued","Middle-aged"
7672,46,"Male",152,117,"Running",103,139,83,1816,9.77,"High",5.1,3196,72,"Happy","Fatigued","Middle-aged"
7760,21,"Female",150,115,"Yoga",113,203,165,16487,13.26,"High",4.5,2602,54,"Neutral","Fatigued","Young"
7829,57,"Male",157,57,"Strength",54,428,85,19354,1.76,"High",9.7,3728,75,"Happy","Fatigued","Senior"
7872,34,"Female",191,110,"Running",109,877,164,1342,14.9,"Low",8.6,3735,57,"Neutral","Neutral","Middle-aged"
7888,53,"Other",195,112,"Cycling",27,848,80,2924,3.22,"Medium",9.9,2771,69,"Tired","Fatigued","Senior"
7896,59,"Male",198,73,"Running",36,324,153,1030,2.81,"Medium",8.1,1540,83,"Stressed","Energized","Senior"
7910,25,"Female",150,54,"Running",110,178,145,8568,6.9,"Low",9.8,1741,87,"Neutral","Neutral","Young"
7924,54,"Other",153,117,"Cycling",89,985,115,3692,14.59,"Medium",4.5,2230,57,"Tired","Energized","Senior"
7990,59,"Male",175,105,"Cycling",104,264,174,15735,13.44,"High",6,2790,89,"Tired","Energized","Senior"
7991,22,"Other",175,117,"Running",11,933,179,16436,7.65,"Medium",5.7,3695,88,"Happy","Energized","Young"
7998,59,"Female",175,87,"Yoga",108,717,125,14486,1.69,"Low",10,1556,56,"Stressed","Energized","Senior"
8021,18,"Male",160,116,"Yoga",99,966,140,7938,2.11,"High",10,3366,50,"Happy","Fatigued","Young"
8027,35,"Female",194,59,"HIIT",23,485,173,1245,14.67,"High",6.2,2946,88,"Happy","Energized","Middle-aged"
8056,18,"Male",161,50,"Running",24,371,151,19717,2.57,"Medium",8.5,3413,59,"Stressed","Neutral","Young"
8082,43,"Female",168,106,"Cycling",15,169,178,19961,14.78,"High",5.6,3362,88,"Stressed","Neutral","Middle-aged"
8084,57,"Male",199,96,"Strength",10,739,98,8593,0.84,"High",6.7,2471,61,"Happy","Neutral","Senior"
8102,58,"Male",151,119,"Cardio",119,268,82,6223,14.85,"Medium",5.5,1738,61,"Tired","Fatigued","Senior"
8122,20,"Male",194,85,"HIIT",15,144,85,3177,5.27,"Low",9.7,2841,65,"Stressed","Fatigued","Young"
8142,58,"Male",150,80,"Cardio",33,647,179,5433,7.42,"Medium",4.5,2945,53,"Tired","Fatigued","Senior"
8149,55,"Other",187,53,"Running",31,160,138,1888,7.9,"Medium",4.2,2273,86,"Tired","Fatigued","Senior"
8186,53,"Female",174,50,"Yoga",115,381,146,1895,0.89,"Medium",9.1,1987,52,"Tired","Neutral","Senior"
8207,59,"Other",182,53,"Running",37,936,104,13618,14.23,"Medium",4.1,3919,50,"Tired","Fatigued","Senior"
8219,18,"Other",152,102,"Yoga",47,947,155,18815,14.93,"Medium",8.7,2325,78,"Tired","Energized","Young"
8238,55,"Other",185,114,"Yoga",20,181,98,2208,3.77,"Medium",7.2,1957,88,"Neutral","Energized","Senior"
8253,42,"Female",151,63,"Strength",94,540,90,3423,13.66,"High",10,1629,60,"Neutral","Fatigued","Middle-aged"
8277,18,"Male",150,116,"Cardio",114,116,97,6356,14.46,"Low",4.9,2755,85,"Tired","Energized","Young"
8291,20,"Female",153,55,"Yoga",96,649,81,4625,14.35,"High",4.7,2838,53,"Happy","Neutral","Young"
8303,59,"Female",150,108,"Cardio",68,917,153,14907,7.5,"High",7.5,1512,54,"Stressed","Fatigued","Senior"
8305,18,"Male",182,56,"Yoga",115,981,102,19445,13.52,"High",10,1873,65,"Neutral","Fatigued","Young"
8357,55,"Male",198,116,"Cardio",119,148,131,9258,13.9,"Medium",6.7,3140,89,"Tired","Energized","Senior"
8360,51,"Other",159,79,"Yoga",113,995,101,7000,0.76,"Medium",4.7,3657,72,"Happy","Fatigued","Senior"
8368,18,"Male",154,119,"Cardio",119,195,169,3574,8.77,"Medium",6.8,3927,62,"Tired","Fatigued","Young"
8387,54,"Other",188,54,"Cycling",105,124,99,11751,3.37,"High",4.6,3911,88,"Happy","Neutral","Senior"
8441,43,"Female",198,119,"Cycling",21,377,177,19291,3.45,"High",6.2,3901,51,"Stressed","Fatigued","Middle-aged"
8476,59,"Female",195,78,"Strength",56,386,179,19425,1.11,"High",6.2,3964,60,"Happy","Neutral","Senior"
8478,48,"Other",167,54,"Cardio",36,138,102,18101,5,"Medium",4,1716,66,"Stressed","Energized","Middle-aged"
8482,55,"Other",198,51,"HIIT",101,971,157,1686,2.87,"Low",7.2,2598,73,"Stressed","Energized","Senior"
8520,20,"Male",195,105,"Strength",115,496,161,2291,14.95,"High",9.6,2943,86,"Happy","Energized","Young"
8526,22,"Other",183,75,"Yoga",115,602,168,1059,1.04,"Medium",4.1,3472,81,"Happy","Energized","Young"
8545,23,"Other",184,63,"HIIT",21,217,143,4988,14.71,"Medium",4.7,3645,50,"Happy","Fatigued","Young"
8555,30,"Female",195,66,"Cycling",24,645,175,17460,14.14,"Low",9.9,3759,89,"Neutral","Neutral","Young"
8576,27,"Other",199,64,"Running",47,181,137,1631,5.49,"High",4.6,3388,89,"Happy","Fatigued","Young"
8593,20,"Other",157,117,"HIIT",20,663,179,19581,11.08,"High",4.3,3691,54,"Neutral","Neutral","Young"
8617,58,"Other",172,119,"Cardio",113,407,81,2117,5.44,"Low",4.3,3298,56,"Neutral","Fatigued","Senior"
8638,22,"Other",194,51,"HIIT",51,227,105,3681,12.76,"Medium",4.9,1711,84,"Happy","Neutral","Young"
8648,56,"Female",157,87,"Strength",80,772,96,1975,10.72,"Low",4.4,1559,89,"Happy","Energized","Senior"
8649,29,"Male",159,50,"HIIT",116,337,84,10979,3.52,"Low",7.2,3238,50,"Happy","Fatigued","Young"
8652,22,"Other",167,62,"HIIT",54,425,83,19397,0.71,"Low",9.4,3477,87,"Neutral","Fatigued","Young"
8655,24,"Female",152,83,"Cardio",41,221,171,1682,11.23,"Medium",5.2,3896,89,"Neutral","Energized","Young"
8663,54,"Female",150,119,"Cycling",38,465,94,6112,2.32,"High",5.5,3330,88,"Happy","Neutral","Senior"
8687,33,"Female",188,51,"Yoga",82,977,178,7679,0.77,"Low",4,1755,57,"Neutral","Fatigued","Middle-aged"
8706,52,"Male",196,106,"Cycling",104,967,86,17474,12.41,"Medium",4.1,3493,52,"Happy","Fatigued","Senior"
8766,22,"Male",154,100,"Running",87,993,102,19191,10.85,"High",4.4,3383,77,"Tired","Fatigued","Young"
8774,58,"Male",156,69,"Yoga",100,203,84,16582,4.55,"High",9.6,3056,54,"Tired","Fatigued","Senior"
8802,54,"Female",179,96,"Cardio",119,100,179,3453,12.82,"Medium",4.6,3030,89,"Neutral","Fatigued","Senior"
8817,37,"Female",183,81,"Cardio",103,317,81,16129,15,"Medium",6.1,2264,50,"Stressed","Fatigued","Middle-aged"
8874,42,"Other",174,103,"Cycling",88,214,179,12544,13.15,"Medium",4.1,1651,53,"Happy","Fatigued","Middle-aged"
8879,18,"Male",196,101,"Strength",80,636,161,18790,13.69,"Low",5.9,3780,52,"Stressed","Fatigued","Young"
8884,56,"Other",162,53,"Cycling",47,960,179,3453,1.48,"High",9,3177,58,"Happy","Energized","Senior"
8909,50,"Other",166,68,"Strength",22,119,175,19335,8.97,"Medium",4.5,3533,88,"Stressed","Energized","Middle-aged"
8911,31,"Male",166,90,"HIIT",118,680,171,19826,5.09,"Medium",4.1,1526,86,"Happy","Energized","Middle-aged"
8932,45,"Male",183,106,"Cardio",23,807,175,19547,14.99,"High",4.7,1586,86,"Neutral","Neutral","Middle-aged"
8967,56,"Female",166,61,"Cycling",114,898,102,1400,6.57,"Medium",5.3,3735,87,"Stressed","Fatigued","Senior"
8969,52,"Male",196,59,"Yoga",22,378,176,1733,13.64,"Low",10,2252,80,"Tired","Energized","Senior"
9022,20,"Male",197,117,"Yoga",118,539,139,18193,0.67,"Medium",4.1,2902,74,"Stressed","Fatigued","Young"
9037,48,"Male",150,50,"Cardio",37,425,142,12115,1.77,"High",9.9,3525,89,"Happy","Fatigued","Middle-aged"
9045,22,"Female",177,84,"Yoga",22,179,106,19562,6.81,"Low",10,3983,66,"Neutral","Neutral","Young"
9053,19,"Male",194,85,"Yoga",44,795,106,11539,14.71,"Low",4.4,3231,50,"Stressed","Neutral","Young"
9114,19,"Other",160,105,"Strength",19,236,143,3359,1.67,"Medium",4.4,2265,82,"Tired","Fatigued","Young"
9155,25,"Other",153,101,"Cycling",25,108,81,3082,3.85,"High",4.8,1540,62,"Stressed","Energized","Young"
9166,48,"Other",157,111,"Strength",115,128,82,3596,11.33,"Low",5.9,3816,67,"Tired","Energized","Middle-aged"
9169,26,"Other",150,91,"Cardio",34,669,103,16372,14.36,"Medium",4.2,1564,55,"Tired","Neutral","Young"
9172,54,"Other",154,85,"Running",14,110,172,6619,4.28,"Medium",5,2008,87,"Stressed","Fatigued","Senior"
9212,53,"Male",196,111,"Strength",40,808,134,18452,13.37,"High",9.9,2957,51,"Tired","Energized","Senior"
9233,52,"Other",173,56,"Strength",29,239,89,18633,0.63,"High",7.8,1721,51,"Happy","Energized","Senior"
9253,22,"Other",190,52,"Cycling",21,655,165,14209,14.27,"Medium",5,2579,62,"Stressed","Fatigued","Young"
9261,37,"Male",151,119,"Running",106,321,99,1972,8.2,"High",7.1,3780,53,"Tired","Neutral","Middle-aged"
9263,25,"Other",150,116,"Strength",100,832,159,2214,6.7,"High",4.2,1872,87,"Neutral","Energized","Young"
9266,57,"Female",188,118,"Cardio",52,247,157,6827,0.55,"Low",4.3,1892,57,"Tired","Energized","Senior"
9308,35,"Other",198,114,"Yoga",110,348,86,14676,5.45,"High",9.9,3312,51,"Stressed","Fatigued","Middle-aged"
9319,55,"Other",158,116,"Yoga",115,516,81,1337,10.22,"High",9.3,2972,83,"Happy","Fatigued","Senior"
9335,52,"Male",150,84,"Running",65,934,81,9487,10.19,"High",8.8,1653,52,"Neutral","Energized","Senior"
9351,20,"Male",161,113,"HIIT",99,189,161,3747,14.51,"High",4.5,1906,83,"Tired","Neutral","Young"
9369,27,"Other",176,119,"Cycling",38,885,178,1239,3.29,"High",8.6,2171,56,"Happy","Neutral","Young"
9378,55,"Female",154,113,"HIIT",110,886,86,16798,3.18,"Medium",8.1,2301,86,"Tired","Energized","Senior"
9395,20,"Female",158,108,"HIIT",83,885,132,1626,1.23,"High",5.1,2795,54,"Happy","Neutral","Young"
9417,18,"Other",187,117,"HIIT",70,553,148,19893,5.77,"High",4.8,3246,81,"Stressed","Fatigued","Young"
9428,51,"Male",153,117,"Yoga",32,225,103,2881,3.71,"Medium",8.7,3226,89,"Happy","Fatigued","Senior"
9440,55,"Male",156,113,"Running",12,939,119,16044,14.65,"Medium",8.3,2537,61,"Neutral","Neutral","Senior"
9481,37,"Male",150,52,"Yoga",102,970,159,16208,13.33,"Medium",7.3,2318,73,"Stressed","Energized","Middle-aged"
9485,38,"Other",156,114,"Yoga",84,918,151,18012,14.93,"Medium",7.9,1978,55,"Neutral","Energized","Middle-aged"
9490,43,"Female",199,115,"Running",89,381,117,2774,13,"High",5.8,2007,86,"Tired","Neutral","Middle-aged"
9507,51,"Other",164,119,"Yoga",84,989,83,8190,10.49,"Medium",7.4,1757,88,"Stressed","Neutral","Senior"
9511,54,"Other",152,53,"Strength",106,177,112,15269,5.58,"High",4.5,2571,50,"Happy","Neutral","Senior"
9513,31,"Female",193,63,"Running",85,111,148,19020,13.73,"Medium",9.6,2271,57,"Stressed","Neutral","Middle-aged"
9515,21,"Other",170,52,"HIIT",51,959,151,2118,4.45,"Medium",4.1,2360,83,"Tired","Neutral","Young"
9524,59,"Other",192,92,"Strength",64,907,169,18267,2.29,"Medium",5.5,2078,80,"Happy","Energized","Senior"
9546,55,"Other",174,74,"Yoga",107,969,169,15573,12.26,"High",4.1,3511,86,"Happy","Neutral","Senior"
9548,39,"Other",152,106,"Cycling",119,921,96,18575,3.81,"Low",6,3566,68,"Tired","Energized","Middle-aged"
9562,27,"Male",199,119,"Cardio",76,103,146,3642,14.89,"Low",9.9,2973,83,"Stressed","Energized","Young"
9566,58,"Male",199,55,"Cycling",105,209,86,13877,14.43,"High",4.9,1718,57,"Stressed","Energized","Senior"
9572,23,"Other",159,116,"Cycling",25,595,171,9357,14.47,"Low",4.9,1870,62,"Tired","Neutral","Young"
9579,59,"Female",184,66,"Yoga",18,313,171,17100,1.47,"Medium",6.8,3362,53,"Stressed","Fatigued","Senior"
9580,22,"Female",196,50,"Yoga",48,990,153,14568,12.21,"Low",4.9,2510,75,"Neutral","Neutral","Young"
9604,43,"Male",155,51,"Cycling",15,684,81,15124,5.17,"Low",8.9,3134,53,"Stressed","Neutral","Middle-aged"
9615,36,"Male",152,50,"Yoga",76,941,92,19291,4.34,"High",9.5,2812,83,"Stressed","Neutral","Middle-aged"
9618,18,"Other",153,108,"Strength",53,455,87,5311,7.77,"Low",4.4,2317,87,"Tired","Fatigued","Young"
9636,29,"Male",181,93,"Running",17,603,169,19632,2.92,"Medium",9.9,3684,55,"Tired","Fatigued","Young"
9640,31,"Female",192,87,"Cycling",11,284,111,2822,13.07,"Medium",6.4,3975,88,"Neutral","Neutral","Middle-aged"
9645,23,"Female",199,63,"Yoga",62,172,88,17024,11.31,"Medium",6.1,1707,89,"Neutral","Neutral","Young"
9651,19,"Male",168,83,"Cycling",98,516,117,1154,9.5,"High",9.4,1647,59,"Stressed","Fatigued","Young"
9653,35,"Female",181,115,"Cardio",54,973,81,16718,11.83,"Low",7,1759,53,"Happy","Energized","Middle-aged"
9655,58,"Female",157,107,"Strength",115,205,142,16503,1.23,"Low",7.9,1818,56,"Happy","Fatigued","Senior"
9663,59,"Female",174,90,"Running",108,537,80,16540,10.03,"Low",9.7,3167,63,"Stressed","Neutral","Senior"
9664,50,"Male",165,107,"Running",117,254,103,2597,14.03,"Medium",6.3,3149,86,"Tired","Fatigued","Middle-aged"
9671,40,"Male",177,62,"Strength",92,102,80,5103,1.47,"High",9.7,3542,87,"Stressed","Energized","Middle-aged"
9675,55,"Male",189,77,"Running",44,349,158,19652,0.73,"Low",5.4,1519,53,"Happy","Energized","Senior"
9684,18,"Other",150,60,"Strength",12,259,103,10303,0.54,"Low",6.2,3725,79,"Tired","Energized","Young"
9685,33,"Female",174,99,"Cardio",97,149,139,1201,8.09,"Medium",9.8,2254,89,"Stressed","Neutral","Middle-aged"
9690,36,"Female",169,71,"HIIT",112,949,166,4081,14.49,"High",9.1,1523,80,"Tired","Fatigued","Middle-aged"
9692,51,"Female",153,55,"Running",28,962,132,19955,14.65,"Medium",8.8,3403,88,"Tired","Neutral","Senior"
9698,20,"Male",184,119,"Running",15,853,173,8681,6.35,"High",5,1562,67,"Neutral","Neutral","Young"
9707,49,"Male",194,76,"HIIT",12,459,104,4680,14.36,"High",6.9,1539,50,"Stressed","Energized","Middle-aged"
9724,30,"Female",192,85,"Cycling",43,993,80,9730,1.85,"Low",9.5,1701,80,"Tired","Neutral","Young"
9733,21,"Female",190,50,"Cycling",15,157,103,11343,2.16,"High",9.6,3956,67,"Tired","Neutral","Young"
9749,59,"Other",196,103,"Strength",90,284,95,17108,13.44,"Medium",4.2,2888,83,"Tired","Energized","Senior"
9762,32,"Other",183,50,"Cardio",55,753,176,7263,13.48,"High",9.2,2304,89,"Neutral","Fatigued","Middle-aged"
9765,59,"Other",186,56,"Running",28,908,132,2616,3,"Low",8.6,3816,71,"Stressed","Neutral","Senior"
9766,22,"Male",184,65,"Running",58,109,104,6392,0.57,"High",8.3,3548,66,"Neutral","Energized","Young"
9779,38,"Other",165,80,"HIIT",30,966,179,3349,4.25,"Low",6.2,3244,81,"Happy","Fatigued","Middle-aged"
9780,32,"Male",161,60,"Running",105,195,179,19775,12.53,"Low",5.2,1940,76,"Neutral","Fatigued","Middle-aged"
9783,52,"Male",156,77,"Strength",29,100,93,19274,12.74,"Low",5.3,2523,76,"Happy","Fatigued","Senior"
9793,59,"Female",184,63,"HIIT",68,388,115,1890,2.69,"Medium",7.8,2947,52,"Tired","Energized","Senior"
9794,40,"Female",150,101,"Cardio",35,869,105,19536,9.8,"Low",8.5,3984,50,"Stressed","Fatigued","Middle-aged"
9800,27,"Other",153,103,"Cycling",118,876,135,17505,13.53,"High",8.9,1835,82,"Tired","Fatigued","Young"
9815,18,"Male",184,104,"Strength",97,426,88,10722,13.09,"Low",9.8,2369,50,"Stressed","Neutral","Young"
9819,20,"Other",155,50,"Running",15,405,156,19488,8.39,"Low",8.1,2859,69,"Neutral","Neutral","Young"
9832,38,"Female",165,50,"Cycling",117,191,177,6213,12.73,"Medium",9.6,2762,52,"Neutral","Fatigued","Middle-aged"
9837,23,"Male",167,113,"Cardio",103,478,170,14022,1.09,"Medium",6.1,3933,82,"Tired","Energized","Young"
9841,20,"Male",192,70,"HIIT",11,911,167,13322,1.68,"Low",7.3,3762,71,"Tired","Energized","Young"
9847,54,"Other",157,118,"Running",40,347,109,13634,2.99,"Low",4.5,2130,89,"Tired","Fatigued","Senior"
9850,31,"Female",183,109,"Running",10,266,117,4121,10.95,"Low",7.2,1658,89,"Neutral","Neutral","Middle-aged"
9853,46,"Other",199,55,"Running",104,626,124,5774,8.73,"Medium",8.8,3559,50,"Neutral","Fatigued","Middle-aged"
9862,19,"Female",199,83,"Running",105,286,171,7197,5.75,"Low",8.2,3788,88,"Happy","Fatigued","Young"
9873,20,"Male",161,107,"Cycling",112,199,110,4512,0.99,"Medium",9.3,2097,60,"Neutral","Neutral","Young"
9877,20,"Other",190,76,"Yoga",17,504,92,3965,7.51,"Low",9.8,2739,52,"Happy","Fatigued","Young"
9892,21,"Other",158,105,"Cardio",86,469,134,8788,14.85,"High",6.6,1973,50,"Happy","Neutral","Young"
9895,51,"Female",177,64,"Strength",10,588,170,1548,2.96,"High",9.7,2529,87,"Happy","Neutral","Senior"
9897,38,"Male",183,67,"Cycling",40,206,143,1879,7.94,"Low",9.3,3994,89,"Neutral","Neutral","Middle-aged"
9899,57,"Other",151,66,"Strength",49,800,133,3720,0.7,"High",8.8,2532,67,"Stressed","Energized","Senior"
9901,50,"Male",163,59,"Yoga",99,463,81,1222,11.66,"High",9.2,1567,88,"Neutral","Fatigued","Middle-aged"
9907,43,"Female",199,50,"Yoga",102,353,80,2811,2.14,"Medium",7.6,2123,57,"Neutral","Fatigued","Middle-aged"
9910,56,"Male",174,112,"Yoga",105,226,171,3109,5.07,"High",4.5,3584,69,"Stressed","Energized","Senior"
9911,41,"Male",152,106,"Cycling",115,299,175,18906,13.74,"Low",7.8,2120,80,"Tired","Fatigued","Middle-aged"
9924,45,"Female",171,110,"HIIT",118,252,155,19128,11.55,"High",4.2,1744,71,"Neutral","Fatigued","Middle-aged"
9928,57,"Other",185,58,"Cardio",118,179,108,5475,6.48,"Low",4.3,1517,53,"Stressed","Neutral","Senior"
9930,32,"Female",172,54,"HIIT",117,918,83,13955,11.17,"High",5.6,3919,68,"Tired","Energized","Middle-aged"
9937,20,"Other",152,115,"Cardio",30,886,127,5971,4.87,"High",6.2,2090,50,"Tired","Energized","Young"
9940,34,"Other",160,50,"Running",16,812,170,4081,0.86,"High",8.5,2923,63,"Tired","Neutral","Middle-aged"
9943,25,"Male",162,78,"Cardio",114,232,155,18158,11.84,"Low",8.8,3667,50,"Tired","Neutral","Young"
9945,40,"Other",190,50,"Cycling",94,178,167,1384,3.84,"Medium",9.5,2863,54,"Happy","Energized","Middle-aged"
9947,55,"Male",198,73,"HIIT",78,726,107,10054,14.95,"Medium",5.3,2335,88,"Happy","Energized","Senior"
9951,46,"Other",160,117,"Cardio",111,489,108,2395,0.94,"Medium",4.3,2638,66,"Tired","Energized","Middle-aged"
9952,40,"Other",197,110,"Running",23,583,128,3710,0.96,"Low",4.5,2097,55,"Happy","Energized","Middle-aged"
9962,27,"Male",154,74,"Strength",30,547,173,14201,0.52,"Medium",8.8,3355,53,"Happy","Neutral","Young"
9963,48,"Female",152,111,"Strength",103,110,152,19773,6.44,"Low",8.1,2204,75,"Neutral","Energized","Middle-aged"
9965,24,"Other",189,59,"Yoga",25,161,161,3197,12.6,"High",9.4,2761,57,"Tired","Fatigued","Young"
9971,53,"Male",150,102,"Cycling",28,142,167,6041,9.68,"Low",6.9,3481,87,"Neutral","Energized","Senior"
9973,24,"Male",190,72,"Cardio",117,795,85,1032,4.56,"Low",4.1,1791,73,"Happy","Fatigued","Young"
9978,23,"Other",198,82,"Cardio",19,357,113,19406,1.46,"High",9.1,1948,87,"Happy","Fatigued","Young"
9979,23,"Male",176,61,"Cycling",112,994,111,12412,13.82,"Low",8.7,1582,89,"Stressed","Energized","Young"
9980,27,"Male",171,53,"Cardio",84,148,94,4796,8.25,"Low",4.2,3832,89,"Stressed","Neutral","Young"
9988,52,"Male",199,91,"HIIT",34,208,107,9166,2.04,"Low",4.4,2171,82,"Happy","Energized","Senior"
9993,18,"Male",169,117,"Running",91,360,150,15400,12.68,"High",9.8,2873,65,"Stressed","Fatigued","Young"
9996,20,"Other",173,59,"Yoga",95,230,160,1330,12.83,"Medium",10,3718,56,"Neutral","Neutral","Young"
